B1,B2,B3,B4,B5,B6,B7,B8,B9,B10,B11,QA_PIXEL,QA_RADSAT,SAA,SZA,VAA,VZA,NDSI,NDVI,NDWI,B8/B6,B8/B6_1,NDSI_1,NDVI_1,NDWI_1,count,system:index,label
1753.0633434058932,1925.1345220658318,2107.7675444368065,2045.779932474421,1384.705415016792,1901.8008098905725,1542.6278945277068,2146.9548357848507,723.2983424835596,1317.5643441076159,1116.9822841995544,323.38587483560434,0.0,0.5756169533762536,0.2126607822692324,26.170082525763654,3.121552090963114,0.09561867314839921,0.022000420690064162,0.03447389468438123,0.09155114904890384,0.09155114904890384,0.09561867314839921,0.022000420690064162,0.03447389468438123,1440,-258108-105048,-1117471798
1127.0487631525255,1188.9537647950494,1143.9961822402,1144.5632386423545,1156.6436686550485,1296.2510284428586,1150.2777847330515,1227.6332332862903,617.6825620010467,924.5832603460292,798.9752173560316,68.72615280130776,0.0,0.4590603692859118,0.46641980615283873,368.8423251106972,1.3419636629904985,0.04768763698378486,0.011203053925912225,0.02180867305560588,0.04827072194851136,0.04827072194851136,0.04768763698378486,0.011203053925912225,0.02180867305560588,606,-258108-105094,936080938
568.3464242304327,620.8164326640846,729.6382966387592,907.4221826841343,989.1263858573433,1735.6037180994408,1182.6023556637035,803.3245678505405,997.6604583705772,1141.5776110362747,866.2786270495358,25.8691374819645,0.0,0.3381027961781245,0.3833113668979307,548.6434381026098,2.354081698798587,0.03793923805952153,0.00858765589471698,0.014858304123287083,0.036192007752908435,0.036192007752908435,0.03793923805952153,0.00858765589471698,0.014858304123287083,727,-258111-105214,1351551731
423.64416565967457,488.49726479751104,600.7494918153843,768.523352110168,833.7313769145971,1194.1290274023752,1048.2172620493272,681.1184992067723,353.5284166794255,557.4952089366153,455.83592244535004,14.085783652843805,0.0,0.44130380715948886,0.0,284.4781085704283,0.7093039611726137,0.02976037753819775,0.006477144714922339,0.014239277201561382,0.033771947848442944,0.033771947848442944,0.02976037753819775,0.006477144714922339,0.014239277201561382,261,-258117-105133,-82888476
878.1268932634273,1116.713085526284,1810.4541004047198,2160.7995733508415,2125.946220315922,2485.2626282314395,2058.9783188730585,1916.558960824713,263.69141417294577,842.8601010614539,677.3855176735351,1909.9602983702075,0.0,0.25945380732724416,0.40003839188952983,1340.199318049987,2.73042756211946,0.058404183656305765,0.014746031466132053,0.01841707243088927,0.059172156397713796,0.059172156397713796,0.058404183656305765,0.014746031466132053,0.01841707243088927,1515,-258118-105361,-782676520
333.7442001529506,429.53779352518677,645.5279400069712,880.9480672718043,857.6938511976464,1093.333253172648,702.6155872416167,1172.3134377797137,172.17700902755317,295.929171918315,256.89565608687604,0.0,0.0,0.0,0.0,4.017103324229542,0.36464227527920606,0.008901243911533565,0.004296095374854609,0.006518328679743114,0.0318783084483773,0.0318783084483773,0.008901243911533565,0.004296095374854609,0.006518328679743114,19,-258120-105355,-1148386557
1898.6830125809472,1961.5697952626126,1863.7421842240442,2057.5024473308613,2587.2053407091857,2459.148041285708,2094.711676117203,2092.491404977703,718.33689205044,1312.3013408700922,981.8624836376974,179.51323523883454,0.0,0.3233844430433935,0.24828642109093643,30.034398224933256,1.3253270614713653,0.11052717830438344,0.017057420286895508,0.028184435818130075,0.10789820499230543,0.10789820499230543,0.11052717830438344,0.017057420286895508,0.028184435818130075,385,-258122-105049,-1940795857
769.3087690378984,850.5529604996668,1308.5439269247702,1770.2700495795025,2100.386233424907,2023.9559314046344,1566.0092543176197,1442.5850424055473,575.3141474587486,718.0559845946436,694.2003395005073,443.01399087026715,0.0,0.15416358555673879,0.0,23.19611509603532,0.524630978976937,0.06184863159377426,0.012326404867745422,0.0246483834434756,0.056748634901573794,0.056748634901573794,0.06184863159377426,0.012326404867745422,0.0246483834434756,47,-258122-105088,198721460
569.1849766512047,672.4535480995007,838.8792582674853,1147.3549467460946,1463.738846135774,1873.3214322567915,1534.495584482205,973.4737912932816,574.3048767589746,1062.0029421040585,851.1057668756711,0.0,0.0,0.3904271992133025,0.23860051240298996,1086.867274062269,1.8698512895874844,0.03431970673311383,0.01051254904912609,0.019923162818602142,0.033185997184399865,0.033185997184399865,0.03431970673311383,0.01051254904912609,0.019923162818602142,763,-258122-105228,715163067
840.1119427095066,888.8789922954448,975.5067554324874,1241.2464306852837,1392.4345766493936,1755.4701927476317,1527.9415500271803,1155.990313262035,468.639886598239,1635.825973858271,1356.119582205547,502.57260469633894,0.0,0.5090448193018302,0.34167089050940036,1211.0203132778013,2.038102016870242,0.06712667129887413,0.015029782378528178,0.03227022573398068,0.06363349028221865,0.06363349028221865,0.06712667129887413,0.015029782378528178,0.03227022573398068,1031,-258122-105240,-1807180541
638.3689741170514,809.5976080665838,1234.7538361877018,1819.492161727576,2033.7123318065956,2982.1093894847877,1865.6916738404925,1492.259862777468,780.0325121416711,1902.8337862441629,1519.2619198225887,14.774436464748142,0.0,0.4628113429234903,0.2925000211220813,703.1178922620925,1.4287149701186619,0.050661760727405546,0.014253215573289884,0.030044478293306996,0.04675203724346435,0.04675203724346435,0.050661760727405546,0.014253215573289884,0.030044478293306996,715,-258124-105320,469961334
1576.066089343487,1579.651071045298,1522.285213241218,1391.2601537533703,1260.2180060425353,4503.950555331031,2983.740446004554,1574.15260651486,1285.164602658297,520.423040750571,438.2094711279228,1907.2003355647003,0.0,0.0,0.08108107678525071,368.1761965370601,0.7103276541057817,0.1941363762804893,0.02524904340228006,0.03996886275436223,0.18823233503661813,0.18823233503661813,0.1941363762804893,0.02524904340228006,0.03996886275436223,74,-258125-105174,-71025604
1335.5534132141572,1369.690570695058,1367.4445567968348,1708.6392786117508,1947.144608341691,2209.5868105187647,1874.4843593165745,1452.2518674805353,553.2773754102881,1100.5719069005631,897.4903916700946,179.19494916277205,0.0,0.26274417615568807,0.24206644779738237,527.2696363938936,1.4704634307672564,0.09393198777869585,0.015855537964442477,0.02787907684079831,0.08975529313398084,0.08975529313398084,0.09393198777869585,0.015855537964442477,0.02787907684079831,462,-258127-105196,1539087161
1745.15682081014,1855.6581624182456,1890.6831449765593,1897.3319163700749,1621.752644187594,2008.5451370142748,1424.989313583963,1834.5582082286878,712.2680498310344,1107.4868861367993,940.2651279599993,221.93869638992615,0.0,0.6225630025897428,0.7349587424656593,419.98520033723906,2.8473802832066544,0.06532597865180477,0.017939477192963665,0.02824544517797274,0.06168073901312474,0.06168073901312474,0.06532597865180477,0.017939477192963665,0.02824544517797274,2580,-258129-105138,1520264387
476.45760164653797,532.8370890248257,649.548269013633,940.2646988919488,1173.8192736516019,1970.298272421264,1558.1117177758363,813.8502710526719,709.1101639407509,624.4880891589253,540.2756269780384,13.702444754151504,0.0,0.40131060218456577,0.03795885582462046,398.0040918677312,1.7072340739202856,0.0447951819165239,0.009093235262010767,0.01981256381264775,0.04606592902214319,0.04606592902214319,0.0447951819165239,0.009093235262010767,0.01981256381264775,345,-258141-105202,541119088
491.8825711209797,534.0342633783109,690.6736144252025,947.4708788545961,1061.9325883577073,1489.0777796859109,1249.0310691370014,827.6737634159163,458.0971115186805,1102.7540078832951,868.3151252713058,387.7283153701731,0.0,0.43162882853748913,0.3564192322306969,27.448734721428824,1.3381947529331553,0.030255897041840108,0.009925705242163001,0.015810551378389565,0.03596681593060089,0.03596681593060089,0.030255897041840108,0.009925705242163001,0.015810551378389565,578,-258147-105121,2001424387
2051.866199769974,2188.700050510908,2166.8808636090803,1996.789925439139,1410.203149106955,2301.460730509993,1954.4719918114117,2035.1533231208991,626.6717423530072,1762.544141640459,1455.4764019799172,1348.6202759417472,0.0,0.5302797649425662,0.2202981920787204,741.4452690565129,2.4501744179756977,0.13081055266188293,0.02692401481685675,0.04518757790240431,0.12287881716222392,0.12287881716222392,0.13081055266188293,0.02692401481685675,0.04518757790240431,1094,-258147-105250,-1606908316
1024.089732800016,1109.9926849762326,1214.3024546150473,1310.7186185946277,1248.6739541048678,1789.58650904062,1510.3546182978023,1307.7426866807211,444.5051739561886,1273.0678002920865,1086.5617432450078,503.2528705677894,0.0,0.47795163594226303,0.4066872739966173,27.87613517744645,2.355688396243296,0.08730868342664508,0.019254757201336407,0.03345389986928954,0.08582927821402922,0.08582927821402922,0.08730868342664508,0.019254757201336407,0.03345389986928954,1570,-258149-105084,-1420011119
385.07383345067586,443.334480160508,557.0619054700862,768.5280857067497,945.3131331832989,1055.4241985015049,777.6022821922758,639.7307468443615,280.27744093339305,981.4375938335899,839.7736057947382,30.446036574657157,0.0,0.48315861931999327,0.22693509778190335,1054.4115400253118,1.7925285483873303,0.0330679319042847,0.009440551159781879,0.01656299779755005,0.0339462109844302,0.0339462109844302,0.0330679319042847,0.009440551159781879,0.01656299779755005,727,-258149-105299,103208569
416.4658271789694,552.0775178318345,867.9581194827097,1211.9902016729163,1312.1318200521682,1831.251672824099,1189.3913388153178,927.7017424215379,437.8709431840707,1158.1383542523206,919.5144192435039,0.0,0.0,0.45166564186032004,0.2320776681349455,1305.058887999316,2.287086579522738,0.03873165957672367,0.011725510632176982,0.017402025217855912,0.039256803061227155,0.039256803061227155,0.03873165957672367,0.011725510632176982,0.017402025217855912,1213,-258151-105278,-1271770841
409.36839907218246,486.1811800309621,713.5063385580295,1066.8751525645666,1502.1754683633085,2055.709415364096,1711.0846650163032,877.6123014896474,562.5680802954467,1120.106662837887,935.3473120333731,323.89809920924796,0.0,0.48898704665936377,0.30900585545098075,50.600895055613044,3.3996369814177236,0.04669836963345195,0.017524546867298395,0.03386211841548954,0.04606008539241378,0.04606008539241378,0.04669836963345195,0.017524546867298395,0.03386211841548954,1046,-258152-105048,-1362215254
279.9420352484534,338.6417268036182,463.57878462042294,600.3964455722647,699.5488428636472,1001.7810721309663,732.1586892478336,565.8083279927658,192.82998581028335,1153.4533785592605,932.5616360079439,0.0,0.0,0.4703612394923799,0.18598499483796338,1260.1101544450814,2.115110443972657,0.03291913571517592,0.009260442815241968,0.013239292397346732,0.038581623757365964,0.038581623757365964,0.03291913571517592,0.009260442815241968,0.013239292397346732,422,-258152-105316,-437589821
484.3333265176409,725.1758656810215,1013.2304720286218,1187.909435251164,1238.7924671292524,1794.0808717929685,1360.472767053734,1126.3249441636128,513.057357577239,788.5637157165229,638.8946856421211,65.69221583439163,0.0,0.49431653907803924,0.1736826037347084,27.301333226944386,2.3819585045248695,0.03204087174261724,0.01702327502712226,0.02844796739460899,0.040905781810155036,0.040905781810155036,0.03204087174261724,0.01702327502712226,0.02844796739460899,824,-258154-105134,-848769462
244.85941496996105,328.50065974215926,638.7452562772063,911.8200009806133,941.3670390811641,948.0187469188828,703.85808390005,761.2635649444303,188.85685231456537,539.7883071341644,455.87413689820136,7.01835476254549,0.0,0.3924389354158375,0.15508031746410414,1205.62302827344,1.777606980873734,0.027191351327407565,0.012702769638953755,0.018979908325916423,0.02869475181396196,0.02869475181396196,0.027191351327407565,0.012702769638953755,0.018979908325916423,575,-258163-105371,-1504967496
549.0420658742602,591.0981231451968,685.7025441131065,840.0655869012139,1044.6946399736592,1329.7949615966984,1077.46236600651,770.4123004685931,579.8659477111162,913.6445892568895,733.5554602604112,64.38492551667439,0.0,0.42888999523772786,0.17281464007560976,25.335303870388284,2.047736425107476,0.03645540881657688,0.010766189960544575,0.02206547205930911,0.037442733450235716,0.037442733450235716,0.03645540881657688,0.010766189960544575,0.02206547205930911,721,-258166-105283,1907321774
602.9104385681565,679.4853173567567,836.7701068528157,1089.4605700928164,1212.8850842011102,1107.7853501991221,868.6701330279852,952.1774139626123,236.20551589035367,777.1376505061473,667.645253334233,0.0,0.0,0.11906231279001978,0.24887342906334475,285.40786547150645,1.4950606721789768,0.022103245737819972,0.00827779130099089,0.018945528956147865,0.027861704977183054,0.027861704977183054,0.022103245737819972,0.00827779130099089,0.018945528956147865,232,-258171-105353,-572263266
720.6001181860004,914.3863121924506,1130.922430283021,1285.147328792284,1420.3809278875924,2011.3918628191634,1438.8112136544044,1221.0316989791017,590.2661106381846,690.4051247362196,558.6661869201711,225.34450434691607,0.0,0.6622364973670354,0.471490299529221,26.748361826294797,2.483689569915972,0.037459255248880975,0.017675254876040426,0.031760518248128845,0.04286309542547155,0.04286309542547155,0.037459255248880975,0.017675254876040426,0.031760518248128845,2113,-258178-105155,-47439183
493.49568483414447,560.20862232748,703.1206062021284,873.2286336025307,934.5887137889679,1029.6368451900692,841.6273767704463,769.6849509137915,301.4644448625364,1202.2795001866648,985.4157979201882,0.0,0.0,0.7810694721427355,0.24406228786958523,1532.540772339718,3.555873038666282,0.03222556473028391,0.016238739821552217,0.025227386353946286,0.03326869155697251,0.03326869155697251,0.03222556473028391,0.016238739821552217,0.025227386353946286,2114,-258179-105311,1247675375
401.26894898653114,489.73415785772806,720.1607185258393,965.345701136296,1204.502515044921,1146.4477394491294,949.2523007042903,849.9259783963228,288.37453570793565,628.7294569106361,504.34257968615793,454.7184556792063,0.0,0.5783414875950197,0.38164466060912416,44.295666191540676,2.788336781112144,0.041811048544545454,0.012732233635712827,0.026434101348792444,0.04183646792277522,0.04183646792277522,0.041811048544545454,0.012732233635712827,0.026434101348792444,1015,-258180-105092,1670167138
919.1855634321827,951.4682466447955,989.9922266705805,1128.5030996836056,1159.4826824618608,1258.8963177925164,929.9075672355106,1039.2342392280937,655.4027413746418,1125.003641532876,981.8421775777168,229.94634166793983,0.0,0.439963665875057,0.36868312089417593,25.28048287587955,1.710219066241643,0.047223564041213216,0.010360547155386701,0.01804721629804121,0.04440848565748427,0.04440848565748427,0.047223564041213216,0.010360547155386701,0.01804721629804121,1277,-258180-105242,-824536224
543.0701454971392,762.5437985132575,1238.0503168204261,1571.293413323317,1498.6785160370334,2025.7115496342126,1499.815206234987,1364.6126074343322,285.54048316688585,815.5188294303302,675.0262027448844,135.7161425258023,0.0,0.5863698217386372,0.5167255482883538,928.7923663094587,4.566650537729772,0.0302394862101417,0.018824556227928516,0.02421009154828558,0.036276914964700716,0.036276914964700716,0.0302394862101417,0.018824556227928516,0.02421009154828558,1834,-258182-105381,194487575
389.314145184541,451.9826864687251,576.4800347597115,696.6021167124542,847.8279151313182,1108.200782878455,984.6387052838962,634.8315102420734,506.48007201418164,1028.7512310917862,851.44541682573,6.380527713942874,0.0,0.7465871047056512,0.3709474431447944,388.6153463162266,4.012729789145106,0.03459858074455157,0.015378999365176916,0.027243230034862027,0.034915966968776684,0.034915966968776684,0.03459858074455157,0.015378999365176916,0.027243230034862027,2005,-258185-105339,-1332431051
654.1387290221447,658.9000343093327,669.1180627443608,828.5609353044177,1019.6970789999115,865.0381620049845,687.5838314596083,781.1088925906542,319.53647955630095,721.2593919570756,573.6318905747728,830.9276574952137,0.0,0.5501351272314771,0.16032214427557223,43.91864729102225,2.8249126068408277,0.051648499633673454,0.010594640621685397,0.019116512236243433,0.05266291549015099,0.05266291549015099,0.051648499633673454,0.010594640621685397,0.019116512236243433,921,-258186-105066,-2113896594
628.320046780408,980.8575452918918,1366.4196544900146,1499.8759949324783,1167.2509965970944,1413.143519541289,829.2889780547303,1480.2209496753653,417.2740721914748,969.6933456967743,780.1774007947595,81.30771511151171,0.0,0.481200651520181,0.451533427081436,35.29194246183011,2.166361641511787,0.02870955992569851,0.0169925351547455,0.019202945637922145,0.04043398878555746,0.04043398878555746,0.02870955992569851,0.0169925351547455,0.019202945637922145,214,-258189-105164,1762907347
954.2196312587633,990.079999548718,1004.3625819916343,1102.5906403206009,1191.675090601368,1488.0894149102696,1187.5718083813053,1080.2014250266266,553.0003754362334,921.8566260793795,788.0209282081066,287.71541977541506,0.0,0.44200271504475713,0.419402910306186,29.877429239670246,1.8420746441020723,0.05014231670698349,0.016014028191831224,0.024533314271153833,0.04868747797890307,0.04868747797890307,0.05014231670698349,0.016014028191831224,0.024533314271153833,926,-258191-105220,88710394
435.80814521087063,487.3227765146126,604.6174196634116,822.5574975491252,1003.1265293851773,1050.5243892090512,893.1593830264989,719.5986324628866,434.57194805883944,910.5127916131078,763.9957704067787,254.08984177436736,0.0,0.4169791551089562,0.40046736015461,28.14489005840685,2.5703097769490864,0.031128471342738214,0.008990652445357256,0.02096343671740149,0.031469014763566,0.031469014763566,0.031128471342738214,0.008990652445357256,0.02096343671740149,1175,-258192-105296,-888592872
384.7864086970295,444.45610120646296,573.7460185144259,672.9912113666883,713.547524032485,823.5049482669352,703.993177376703,628.9211548480855,284.46333059337314,1165.4666676579675,988.6697067222505,188.32395746202087,0.0,0.4997707188035349,0.24645389808433793,27.257935460862893,2.0558905373368304,0.020166884870159496,0.0045989372616543804,0.01119030280529071,0.024839841616981998,0.024839841616981998,0.020166884870159496,0.0045989372616543804,0.01119030280529071,572,-258195-105309,-175155118
1071.2189430132387,1489.3591007681953,1709.6034778289809,1740.8483396473252,1484.8292685360432,1750.0094599070137,1304.5140549985101,1811.5321678941177,788.9370003687791,1102.9519080653488,913.4001593522037,408.8204917116172,0.0,0.616898059468437,0.05332695966079741,35.62802710522804,2.329195936142972,0.04251833694395211,0.015303929622030098,0.02699832562032082,0.04738137553180416,0.04738137553180416,0.04251833694395211,0.015303929622030098,0.02699832562032082,869,-258199-105159,-2088502447
824.9453071325893,854.353121653305,816.1724025367945,720.9811224817244,737.3694118951512,889.067705684129,837.9839305106154,827.268583846622,398.12013277512153,1181.5987397157076,979.5653008721944,66.5807245971899,0.0,0.1290974803991527,0.0,14.847692401509638,0.9467524283338462,0.03650609349857752,0.011146735769207975,0.022194290991051923,0.036591822926087134,0.036591822926087134,0.03650609349857752,0.011146735769207975,0.022194290991051923,181,-258205-105236,-1846682563
737.8232138239806,1048.4653962457917,1390.4452517621387,1575.0973776917465,1186.7937423886574,1508.7568258115425,1202.1238063949365,1453.5660015334633,350.55820800478284,1597.5959072714184,1318.8677504688894,85.7142377759002,0.0,0.5145238840004583,0.42775849823099843,42.21913214741207,2.7928958408140936,0.0442000314003682,0.028636819679447548,0.03973859241823317,0.04247862832906149,0.04247862832906149,0.0442000314003682,0.028636819679447548,0.03973859241823317,1027,-258207-105126,-1260783116
1065.6667119203235,1069.9641865553106,1019.9012740018377,1048.3935509735384,1140.4297997938727,967.0613656031612,845.0342005318913,1214.0304239887773,345.1501006699226,552.8899685299772,353.845547111358,0.0,0.0,0.24724129652050275,0.4656404067412758,5.9651264185780795,0.43822813208072425,0.01520650687162803,0.004890296592021705,0.006891834226581648,0.02446751926366088,0.02446751926366088,0.01520650687162803,0.004890296592021705,0.006891834226581648,54,-258210-105205,756719773
350.47815614904994,444.91461914771054,724.8617076041899,1051.6848882114575,1215.422852598451,1412.1113511051988,1033.2756345405578,805.2144555546262,285.6179004962674,597.8302153334863,501.26829349920087,298.68140459463956,0.0,0.30566663559920515,0.15038237924231443,23.730379652651166,1.7977370686068617,0.022637718569507338,0.009285807602230958,0.016490476433074136,0.02414496806878524,0.02414496806878524,0.022637718569507338,0.009285807602230958,0.016490476433074136,348,-258211-105048,-1550300341
405.27093808267597,456.76058340612764,713.6306854867057,1196.3321070279167,1570.5786632467007,1301.4338764016998,1055.2321432934136,893.3751116168355,869.7412004071173,847.6665462690228,731.9609548822606,329.0467454447989,0.0,0.2818191726181686,0.22773712579929078,24.849248412844474,1.5370436520716368,0.04015699087756496,0.00824241304324332,0.018871558625129865,0.03848007238056252,0.03848007238056252,0.04015699087756496,0.00824241304324332,0.018871558625129865,623,-258215-105259,553473402
349.8541968492894,418.8243266135134,584.280138270631,772.2066757028199,949.1339229217405,1064.4623223448723,921.8861325233032,731.5768324639279,134.00949025180594,555.2317848871695,457.2170262689204,80.45519604990452,0.0,0.3584234189911699,0.0,18.638737585446137,1.3627702877384937,0.03842331210695775,0.013790613621205273,0.02796512843908624,0.040877072789947996,0.040877072789947996,0.03842331210695775,0.013790613621205273,0.02796512843908624,350,-258216-105080,-1996071789
360.00097576831894,447.89407073965714,665.8024641017876,815.4276061763461,877.9987067338543,1165.3471729388357,1006.7836225302624,768.9902280421774,392.2268355389099,1175.8880769721065,954.2957683308373,23.05159750214937,0.0,0.39877901909934504,0.3781603201433808,22.366620004446464,2.2534358911566894,0.025497431130136528,0.010612997300033166,0.015433485898922903,0.02960241085204532,0.02960241085204532,0.025497431130136528,0.010612997300033166,0.015433485898922903,1224,-258216-105369,-974280573
545.7286305084883,597.4755808012858,670.5715699888435,777.3538302538856,855.0684727966361,805.968873768111,718.747624920508,751.2665390587797,472.38645112386945,688.6113246301064,571.5667871819755,417.81586544745875,0.0,0.4465790996559595,0.2681679561260793,25.616280699359393,1.5641913982064117,0.037964588824054214,0.010461861543741976,0.021025889129365486,0.0374136043726993,0.0374136043726993,0.037964588824054214,0.010461861543741976,0.021025889129365486,529,-258220-105274,-429997414
1276.8720314263508,1253.0797560469205,1282.1150012202754,1436.1304104501771,1521.1673781009808,1986.6597075730476,1492.1414444378538,1367.7553597349597,780.3433330919959,964.4700971308761,798.9997256012427,113.43587858051868,0.0,0.5814527865058037,0.47351202084719435,34.291602321335375,2.291204130997305,0.05385313966754346,0.017615244678520516,0.024709438649642628,0.05922844749620878,0.05922844749620878,0.05385313966754346,0.017615244678520516,0.024709438649642628,1951,-258222-105174,-208724223
406.4627615793389,462.5305456869267,631.2250137659652,881.7672640060558,1152.2484756473018,1267.102497778335,1054.3633810843148,751.3210600130631,279.09499366489786,1054.5364121625344,865.8725044289615,337.39037407049045,0.0,0.8766747943957753,0.3710096144788844,62.102820465056666,4.280935967032669,0.03704230920226308,0.013261998103020207,0.02342635591123972,0.03941132789720091,0.03941132789720091,0.03704230920226308,0.013261998103020207,0.02342635591123972,1997,-258226-105061,395025032
1283.343562368704,1403.2691142401875,1549.5111726248688,1717.1996399170785,1555.3616429069373,1206.3486310229189,929.542197520658,1894.7973854617526,386.334303754856,749.2349447310356,649.1080243809099,846.4236653780027,0.0,0.535816761106372,0.38523960033891597,26.800528027104725,1.7861533400384564,0.0672214319114985,0.012784503836879357,0.022334820995979644,0.06839910673268564,0.06839910673268564,0.0672214319114985,0.012784503836879357,0.022334820995979644,1740,-258226-105242,1699805325
1478.337487459064,1524.7855910387714,1402.4740987684904,1296.6344618724702,1031.4588870739283,1802.6466097693872,1462.7238503530666,1439.471907922204,479.33963101271985,1607.0381729342569,1393.892970145766,1099.8853033728042,0.0,0.18624498278666124,0.3180752071005123,20.279626079821437,1.3128145281751287,0.10397709874445216,0.015115327113996085,0.026376726819686152,0.09674382678613688,0.09674382678613688,0.10397709874445216,0.015115327113996085,0.026376726819686152,441,-258228-105314,-1085330792
470.0589895384976,663.2330124136195,940.2740890586717,1098.2828387297743,1065.9680346838932,1375.5647340953146,1083.866417159956,1014.2883657368975,324.21058247675546,1055.6005079185938,860.4571568188702,0.0,0.0,0.9502045764924095,0.19643718123290105,63.05393944974777,4.360317402682314,0.03015365170318693,0.017449811649048134,0.026158410983207613,0.030697819145417554,0.030697819145417554,0.03015365170318693,0.017449811649048134,0.026158410983207613,949,-258232-105085,1833575352
823.9311311343214,873.0906155260294,925.7598936650629,1027.3266578025555,1079.7090861299728,1214.0200047039868,1019.0137615352102,998.1077172375818,508.1362775312779,1298.0388047297304,1135.3510843222944,114.91061497402278,0.0,0.7757580064144435,0.4449035658168405,45.33953221048974,3.4165062000991933,0.026200477844773414,0.011469678191484029,0.018252775062003183,0.026526113830828757,0.026526113830828757,0.026200477844773414,0.011469678191484029,0.018252775062003183,2263,-258232-105131,549656141
400.9613564569279,447.0591648559223,599.0359825911212,925.7197152452651,1186.9515455141689,1574.9743021336342,1127.523621081527,726.0004163509818,582.7609446198635,1070.2456409119611,897.3443655436712,73.45926065372116,0.0,0.4251047253964382,0.22402524365687548,26.499488176177035,1.666464570663159,0.04338126894423507,0.012573893708863177,0.027651467904459798,0.0405230818270442,0.0405230818270442,0.04338126894423507,0.012573893708863177,0.027651467904459798,561,-258232-105340,-504567818
461.6451673954423,511.8909604846157,629.1742245731022,850.673299225691,1174.8824595309934,1282.6493470246633,1224.1544943076658,743.5508578546647,140.7832366009691,879.7492496638287,705.703353190219,510.7228162990437,0.0,0.9048584717438108,0.4584167335985937,67.42812867033739,6.004863309156566,0.03390829020462752,0.03887889370846861,0.03644229075117227,0.034809667533071645,0.034809667533071645,0.03390829020462752,0.03887889370846861,0.03644229075117227,1685,-258233-105048,-1828823812
1341.2031801002809,1327.4425543724358,1200.4843273672532,1143.92977547758,1044.3503361736493,895.404615150512,697.994095846105,1222.9536865692314,328.8412284660841,1334.445527124279,1324.7989331086562,123.14605030651528,0.0,0.0299878329175802,0.2256823033780197,13.352922217196564,0.9986403977968166,0.020963996252867746,0.012400332607717966,0.014222409591132374,0.021765099438018957,0.021765099438018957,0.020963996252867746,0.012400332607717966,0.014222409591132374,277,-258236-105167,266907307
1080.057131910498,1174.5377901906566,1297.2757414106186,1446.5242573645783,1242.9194640776534,1496.6478075126004,1245.932502518305,1505.3136646020778,512.7521440155929,1736.1677953342034,1458.7022117491877,621.2937167106228,0.0,0.5179644145059862,0.3908602029492967,46.879677308149965,3.485734619636611,0.06471087698067958,0.020250591038015246,0.030697669363727798,0.06564022838141538,0.06564022838141538,0.06471087698067958,0.020250591038015246,0.030697669363727798,1092,-258242-105241,-1279506110
309.28035727900556,340.9647270129536,413.086192190547,549.8491912113016,745.2836427875945,879.1481751160848,812.479241219961,543.5261899858984,238.4368232089869,713.0158659531187,576.5636543508599,0.0,0.0,0.5693601628324592,0.1991710892693069,32.72745540670171,2.5773703306898472,0.014964889314584489,0.007370245982963381,0.01159519863214311,0.018126138597729883,0.018126138597729883,0.014964889314584489,0.007370245982963381,0.01159519863214311,455,-258247-105079,-406604728
591.1014346129353,663.6559613395514,759.9412784847399,817.5514486954182,930.6599864742162,918.9150244774669,894.7612402595474,821.1737973116547,260.3432934420637,934.9429645763347,745.3375155610997,0.0,0.0,0.49559213473399033,0.30503708137834445,41.68252625184679,3.191416337138261,0.0291086756306384,0.014365202340973642,0.021412149914074186,0.028790159897146478,0.028790159897146478,0.0291086756306384,0.014365202340973642,0.021412149914074186,1109,-258247-105093,-1670681563
387.6921504572506,441.3746636707722,624.9539197999179,859.7217659141278,1033.1784652509475,1147.1345906489614,930.6605781224769,686.8094148141269,139.04961168957124,749.4733761170257,612.8454046419776,221.66165565283276,0.0,0.4310839078941257,0.027482379070452412,23.23213538007049,1.8480029178025819,0.023964228795540714,0.011305344505291587,0.01957110929211468,0.028444473418245596,0.028444473418245596,0.023964228795540714,0.011305344505291587,0.01957110929211468,330,-258248-105056,1683011209
2651.7909375895515,2745.7855768894206,2596.7560522196045,2502.288073499622,2561.658237006467,459.57104373408566,427.3833993172907,2696.0279971594055,522.5064205857886,449.2412835548998,411.452294937202,1375.4027839899225,0.0,0.41917076087517513,0.46736233740086813,47.709376749226806,3.4776143675671807,0.05859772178344239,0.03619687366293797,0.04835874312186705,0.05879196329025761,0.05879196329025761,0.05859772178344239,0.03619687366293797,0.04835874312186705,1104,-258249-105333,2007271999
1794.2465449227282,1899.7068796833116,1926.4406174831756,2020.5514275568744,1787.6629130027611,1930.0588020990597,1582.531653967491,2052.4354562093977,538.2395101596518,1586.6000851006288,1332.6033690054937,1124.860591193834,0.0,0.47215404105462216,0.33085055058166624,28.64053187612598,1.8361458077434352,0.11249129968347027,0.022541096504562208,0.03347012205027023,0.11094691442042096,0.11094691442042096,0.11249129968347027,0.022541096504562208,0.03347012205027023,1277,-258252-105355,-1129639161
1127.6111504290238,1246.6018345230214,1383.9303921819728,1384.5987458998145,1214.6485678761442,1176.4003243481397,1018.676181345814,1342.7837220382644,449.3601936071991,1374.5649650252471,1154.529681440845,759.1293145808378,0.0,0.3701788886088708,0.4395370130565777,35.15648374063826,2.673790033106625,0.08318522812263589,0.017835645568545565,0.027858007663187204,0.07372452007776212,0.07372452007776212,0.08318522812263589,0.017835645568545565,0.027858007663187204,634,-258256-105261,-1159889339
1919.7526812089827,1968.2025820394992,1870.3788603836213,1902.2162410285155,2097.4353804150387,437.3402524244145,434.73839076183435,2021.6882717569526,580.0310081273082,498.2182320586668,443.55718968938385,984.3168879187842,0.0,0.5180778944989675,0.5307089021618551,37.688294163878126,2.7168646297551615,0.024937798931101717,0.011814962615840344,0.01572612624596253,0.027211942831522586,0.027211942831522586,0.024937798931101717,0.011814962615840344,0.01572612624596253,2788,-258256-105283,1890223577
867.8094253083495,943.2289722867538,999.2139853557057,979.191286810837,844.7884922574921,1009.6943610180584,934.2026851693528,1032.4078698211488,454.38631214869577,1110.2268535213461,949.6585575897155,57.0622964232107,0.0,0.46715663243155175,0.400691374555316,29.63736808080376,2.480366934252601,0.03626855941574667,0.011559224304616424,0.019965600112817082,0.03594031632351069,0.03594031632351069,0.03626855941574667,0.011559224304616424,0.019965600112817082,1006,-258257-105092,676380079
2427.3438546521556,2524.4029333854032,2466.1450144185687,2472.5198338270816,2174.200584432422,871.3567501827229,746.8467689076097,2631.3312009293923,366.97323891564764,980.5335727863901,807.503355092288,1872.7452953754853,0.0,0.34372934680131384,0.30583734798145396,31.28576894035029,2.1329544663978317,0.08099109899762623,0.027053499384087958,0.03685419299261839,0.08727239522112257,0.08727239522112257,0.08099109899762623,0.027053499384087958,0.03685419299261839,421,-258258-105379,1927554090
1873.3961908939405,1958.7933444090152,1934.3706308353171,2041.4002352523714,2156.407293566751,1539.5949431992717,1232.6626519690462,2037.3718522381887,563.9362616682009,848.7349267654128,675.9077827305482,59.461211678736966,0.0,0.576678041728525,0.4026026371272197,33.25382146075209,2.489504058606503,0.02820518327064542,0.006713222717357188,0.010465947860656678,0.033889762179765914,0.033889762179765914,0.02820518327064542,0.006713222717357188,0.010465947860656678,1267,-258263-105185,-853056336
4101.022476720975,4415.56436820376,4598.289583248617,4256.574982996612,2226.86541305644,2382.0813892796277,2095.4796890983757,4845.510761107759,609.9239894062098,1009.8192029837347,853.0481706448081,3213.351063636173,0.0,0.0,0.0,8.112778470410241,0.5896146448014432,0.22909571040503332,0.045246849621666134,0.05777315238183963,0.22024063891491844,0.22024063891491844,0.22909571040503332,0.045246849621666134,0.05777315238183963,19,-258263-105300,1079927155
524.6996255698506,619.2684045766894,847.6463158209033,1188.8193426444768,1575.1418601513951,2087.272433751859,1859.8208285902865,1009.1937751665025,564.8207713090918,1400.146706682941,1178.7641104464008,75.41597451738357,0.0,0.29471638106675296,0.3777728757491405,22.652012549014533,1.9863800817018349,0.03260020260177334,0.012363808806599227,0.023931063959762657,0.0414286482228592,0.0414286482228592,0.03260020260177334,0.012363808806599227,0.023931063959762657,794,-258266-105078,-183420345
1813.014111915602,1978.468712830038,2123.9663903140304,2151.992136292205,1678.0638773060177,1618.7325868809123,1279.6073659964777,1755.7196044414427,583.2928047382853,1404.0692542860459,1140.8884413197777,873.3568494805452,0.0,0.45707750796080143,0.1631040617265502,36.43060733162573,2.8256017784256633,0.1074632794075514,0.019646080208069617,0.03088569701006658,0.08970217241428059,0.08970217241428059,0.1074632794075514,0.019646080208069617,0.03088569701006658,909,-258268-105278,-1919277668
3704.0398615068234,3878.9513537931675,3765.2265961254357,3655.8123288701872,2972.5282304558673,1540.500125918214,1173.6693159818856,3925.0219414750873,701.4702374551209,1017.4419506452313,888.6804715886823,1289.5250302890834,0.0,0.45557849279356266,0.16702155251741932,33.27812487756522,2.598744253865278,0.13589221281330172,0.016518297981389377,0.026163219203928872,0.13528644059234263,0.13528644059234263,0.13589221281330172,0.016518297981389377,0.026163219203928872,1057,-258282-105217,-2036656291
817.4187398427987,892.4545736156022,1021.667484794053,1252.509969684532,1476.7437216446222,1702.6404250468759,1465.0884416706792,1287.8890192034603,746.4226001658013,796.1173976854864,671.6809096615689,504.83851978484967,0.0,0.40179179309200036,0.352470540259288,26.473449460326894,2.3132570468459215,0.05366397597537744,0.01625769151697039,0.031207549086939866,0.06476646671411326,0.06476646671411326,0.05366397597537744,0.01625769151697039,0.031207549086939866,656,-258285-105202,1565294672
1244.4861498862851,1270.2827594920482,1146.7509062891677,1086.5393253769882,969.3814128418104,1360.4656515301376,1114.033584643381,1524.6731729164187,522.0572178521252,775.5723446928271,669.4035856741336,348.1384558425102,0.0,0.449468278440187,0.29468900130076275,26.43773219295821,2.1103658333421365,0.05301175821245782,0.0093313046093489,0.014024837738762534,0.05777847789937513,0.05777847789937513,0.05301175821245782,0.0093313046093489,0.014024837738762534,787,-258286-105188,1526722449
389.75731315393534,438.60197821755264,525.8890953382469,713.0827736596677,936.3322744005233,1131.9978000472508,1210.3582680050552,592.5824621169133,493.36171128646043,973.4871318645135,781.9762825736411,397.83347153596685,0.0,0.5919524704359339,0.3050515974156263,30.088326472677974,2.7068794328195263,0.027511002191913884,0.022036652594247145,0.022697480758409612,0.028651648512305533,0.028651648512305533,0.027511002191913884,0.022036652594247145,0.022697480758409612,1045,-258290-105056,-1861334859
495.5108415442209,574.7098296446006,741.5861426255007,1041.0848023913939,1302.7505039627913,1287.9662601483817,1158.4088694457791,938.737059330042,549.5376399537953,1108.8669451262565,915.1156477494342,107.81619364298318,0.0,0.4255441894809349,0.2815584099475826,18.218647071455063,1.7409496703830654,0.026459119326072974,0.009030768001511223,0.01825033349031931,0.034799450259395785,0.034799450259395785,0.026459119326072974,0.009030768001511223,0.01825033349031931,1092,-258290-105062,-847525166
966.6125313848291,1008.0462852182156,1068.1244171052533,1102.8778820744694,1002.7266371057873,1572.8648200092448,1378.0187996034663,1145.7280549173825,619.8991378032566,278.99766268112415,206.67371467485268,397.2135109520048,0.0,0.40179424438771816,0.17325191322979758,9.722460099721767,0.86281890507333,0.05394651492913846,0.011922002300745298,0.017064984697577317,0.057413953920290944,0.057413953920290944,0.05394651492913846,0.011922002300745298,0.017064984697577317,43,-258296-105148,-978170236
1390.3930604547008,1471.0984309521948,1526.7325361596297,1606.7364105122786,1607.8071633646123,1887.9581650211821,1575.0417193175197,1600.3805076347755,773.305935375674,1200.8234503244873,885.5968545386379,107.82972469810913,0.0,0.48479683410966473,0.19640326832834282,32.31578697646779,2.8197653759725574,0.06363834086692721,0.011984562774660718,0.02043973837731802,0.06004751466862874,0.06004751466862874,0.06363834086692721,0.011984562774660718,0.02043973837731802,685,-258298-105129,890175504
3809.7337738309334,3948.7683019881065,3809.1026319174766,3991.0008587946486,4279.332166380747,1534.516441347862,1435.0346128209403,3944.521611133569,1291.4471665026458,1104.9708836055424,962.5292359692891,2071.936962423907,0.0,0.28383774308627435,0.07073711040088086,19.724727883862403,1.668515791555082,0.08435078392227695,0.031811168240546084,0.03893553174245938,0.07298128375207649,0.07298128375207649,0.08435078392227695,0.031811168240546084,0.03893553174245938,248,-258298-105237,1430822126
3638.689738347064,3817.5617868012037,3708.578770489083,3438.0761130160486,3073.2381108229847,3549.391119219633,3055.5406902450736,3683.5327606644855,1540.218099361529,2177.1197185027236,1861.488441936397,2713.433782458878,0.0,0.38222456255929405,0.23478042347028566,24.176995286515695,2.0497097594490823,0.23198366173232213,0.05487943827500848,0.07801533111122863,0.2231934188011606,0.2231934188011606,0.23198366173232213,0.05487943827500848,0.07801533111122863,1076,-258313-105243,259431273
688.2270803034095,731.7290221678768,828.5549967585735,1083.3788471471335,1357.1000289822623,1007.1778297416845,845.52026956131,952.714644037413,490.69109892420084,644.0184627730154,512.0348965292885,472.1517363049532,0.0,0.6551672662362643,0.08887178538438374,32.056475531146,2.884560327536154,0.04018079664221463,0.01288748992922815,0.02466444647965374,0.0441761337962815,0.0441761337962815,0.04018079664221463,0.01288748992922815,0.02466444647965374,1286,-258314-105155,-1798534480
1155.9348990643468,1235.3641121747828,1301.0679011001973,1385.1763659248638,1374.4373356888937,1605.1514902622164,1351.0695386433463,1381.8743786239747,679.461929700141,1015.6811996717228,849.9778208436363,368.00325801145465,0.0,0.8379421577133361,0.3889775902406578,54.36981761098327,4.730610524567581,0.05336019000852289,0.01431334150420045,0.023158025424785084,0.05311020228136222,0.05311020228136222,0.05336019000852289,0.01431334150420045,0.023158025424785084,1783,-258318-105132,-30347551
689.9173355959819,679.9061056017455,781.2346157603971,1042.8392415093422,1261.2847465184086,945.8567258907207,742.9933912144231,869.5183096248431,350.84329992324626,455.75820804252385,396.5663321001342,481.0839437143186,0.0,0.5519311118479474,0.2499052912418323,24.733792589836426,2.337372031318681,0.05113843353316052,0.010751525736268377,0.017993456939442643,0.051189197074281746,0.051189197074281746,0.05113843353316052,0.010751525736268377,0.017993456939442643,654,-258318-105150,-2072291331
1129.7235477498862,1203.8161059067354,1202.6727916354002,1282.5947766134532,1475.2766482773623,1819.0706927906608,1578.6120879038276,1249.554990085192,662.6654899710411,772.7023738714566,618.6497094834208,110.84610214608762,0.0,0.4633289274848757,0.24964378008486585,15.985622503583947,1.506901166781566,0.022612060074987565,0.007030430737512051,0.01852324468980283,0.029743522622538123,0.029743522622538123,0.022612060074987565,0.007030430737512051,0.01852324468980283,431,-258320-105111,391354867
1370.2092957851776,1513.768417829435,1850.5472770513613,2136.8823668416107,2239.7080685264023,2881.1381842951523,2086.5120273518014,1973.0681885214838,874.5064469494483,1310.2595759595865,1096.4124019996318,1017.2719005560187,0.0,0.7188188794228565,0.36686673011282056,63.00308756435707,4.651465538463261,0.09433054777398908,0.018433664436598392,0.03087446300810611,0.0945350609478975,0.0945350609478975,0.09433054777398908,0.018433664436598392,0.03087446300810611,2197,-258322-105380,-443423126
1391.4125165763214,1447.8682810015007,1430.5891009079767,1498.6918884372883,1613.8742287845635,2228.186077566003,1962.2316275700866,1434.591669272419,679.6468420039718,736.6069419694858,562.8068331743851,64.71468795177506,0.0,0.2848465443466098,0.1534460984450609,10.396898843589677,1.0357598904863072,0.03550073825490962,0.011637630968155578,0.019485798116063338,0.04340989757438085,0.04340989757438085,0.03550073825490962,0.011637630968155578,0.019485798116063338,323,-258323-105108,-1500683762
5363.899672798121,5587.939596787333,5334.177204827372,5171.898738555789,4228.041066498768,2800.0822587735574,2278.347541590933,5379.04756433469,1140.2807089806645,487.52421670621607,455.6656941703429,2409.9601852261044,0.0,0.2471714943431265,0.4307968626904722,5.73105234036152,0.5488268738843531,0.18243720302800573,0.020018905022690995,0.029845346209403243,0.16740560058393597,0.16740560058393597,0.18243720302800573,0.020018905022690995,0.029845346209403243,80,-258324-105263,-412592220
1420.0386901874758,1536.322431925481,1687.6552033453713,2008.9253696295575,2293.891187035208,2395.456964882989,2176.2873235692605,1874.5241823243537,880.03885658524,1272.0201521262711,1123.6414448287999,132.52008620196887,0.0,0.496779733195341,0.32497436051227224,14.271351790640761,1.4575551830870488,0.04444471739186619,0.012300329224334173,0.02580514723546391,0.056057175245949865,0.056057175245949865,0.04444471739186619,0.012300329224334173,0.02580514723546391,892,-258329-105076,-1702259098
694.1235183729923,829.7319063546369,1124.5167007352197,1381.5138715334053,1563.8878299155015,1837.5300006806337,1638.1810887750385,1478.3677706532028,727.6680830873314,705.2767931933009,618.2460593560619,488.65404481109437,0.0,0.24971639350395605,0.0,6.556357805447259,0.6649638116068538,0.03480356208468971,0.010622838369663297,0.02293322318524444,0.06672039024523858,0.06672039024523858,0.03480356208468971,0.010622838369663297,0.02293322318524444,42,-258331-105237,-389731296
2835.5673136965006,2871.7162569681304,2539.1959478582385,2651.1235549269563,3363.029319523824,1195.5857470413916,1004.5257038383337,2988.100445986629,1147.5632771424182,607.4666097587672,522.0537954906904,1974.0899642981585,0.0,0.718970667898336,0.2612993526147,39.966436772759415,3.325647471484394,0.06341727910509212,0.02659167926651782,0.035301772161857196,0.06966473454846871,0.06966473454846871,0.06341727910509212,0.02659167926651782,0.035301772161857196,1821,-258331-105270,474166044
634.2084879372974,749.4975087809195,998.8314705496819,1361.8366342297613,1675.7721191302255,1814.1319589069624,1688.433186460044,1218.180555748716,428.89162735666065,1393.394167425229,1098.6219224996057,305.0794661808956,0.0,0.5185659386836893,0.3905654534941768,28.24122507656761,2.9020432625261647,0.031163993874835375,0.020244423636285962,0.025673721059583755,0.04091533114154063,0.04091533114154063,0.031163993874835375,0.020244423636285962,0.025673721059583755,1447,-258336-105049,-71618748
2070.4233341642093,2146.624432620796,2062.5322174065036,2124.2292621086226,2285.297237085688,513.6575524044371,504.0163580242257,2104.1665584823063,595.3411016222453,455.56744492542356,402.77850710163233,931.2882670946029,0.0,0.5916814594998393,0.38046009523906527,37.550369933802344,3.0628746153191373,0.03610820795261353,0.02358335025172286,0.024729185985512693,0.037071065195782245,0.037071065195782245,0.03610820795261353,0.02358335025172286,0.024729185985512693,1014,-258337-105327,550362606
2071.6245667708554,2151.6074223321884,2126.024550476701,2185.9634087388836,2123.0904084525814,710.9758486403715,734.8671571799782,2205.1243802196163,895.0893631262572,333.030422000219,290.2349850825407,2598.046411773931,0.0,0.38385004040037857,0.0996158368408042,17.977566284447644,1.6197298843636432,0.03716753133527251,0.013530446829082412,0.014572840867979055,0.03900184682877142,0.03900184682877142,0.03716753133527251,0.013530446829082412,0.014572840867979055,483,-258340-105287,-1616639070
508.8591145077805,603.9778606825695,828.8034523844625,1190.1261955224556,1474.431903232649,1598.8642171233887,1549.8842446737785,1013.893236604035,263.5472606124833,934.1664844350763,715.3110476941104,453.118071896089,0.0,0.7627888207552891,0.3794071481604469,40.75932253589397,4.8247587389774775,0.03218789439349631,0.03537854581540661,0.03440630866795476,0.035216023268109894,0.035216023268109894,0.03218789439349631,0.03537854581540661,0.03440630866795476,1302,-258341-105048,-142559636
1706.831141226434,1779.3770827652672,1791.9898384003507,1900.5880884541689,1825.4167199000017,1362.860799433166,1219.6194099690606,1700.601589196644,863.9276095527467,1297.336213292673,1144.01494531794,1077.3262631094067,0.0,0.32914831315008974,0.27065138279622825,14.50225280534649,1.2315634943160227,0.10865266922953004,0.014530223746686048,0.020500040597875333,0.10506031278008368,0.10506031278008368,0.10865266922953004,0.014530223746686048,0.020500040597875333,555,-258343-105385,1977550111
3171.6217033607522,3352.383746127327,3345.246596916709,3390.599806498316,2910.297614421179,764.7390155233876,749.3498135159912,3761.340373094551,601.3244997852636,908.4118686540636,681.5482300514199,764.5682123298787,0.0,0.3058689386336001,0.1430103619237451,20.853520077281466,1.7348870897265718,0.047861749668139913,0.009423644414043164,0.012594510528778675,0.05732019504245278,0.05732019504245278,0.047861749668139913,0.009423644414043164,0.012594510528778675,267,-258346-105342,1106760362
482.7628889273672,557.6643269820793,689.5992009638777,835.5421856877124,1038.9941621046053,1277.937684614045,1186.094276221911,847.8441077969943,552.9287811956402,1442.3355998259194,1184.5948864611164,592.4366780920396,0.0,0.4785095171074295,0.0,21.724795245897013,2.0571909007177536,0.030662193637948663,0.010861023920877797,0.022295247087123677,0.03437470361501531,0.03437470361501531,0.030662193637948663,0.010861023920877797,0.022295247087123677,804,-258348-105197,462067234
2459.931274872075,2658.077784770655,2755.028565348357,2898.3703386797642,2784.9948661495428,575.3342696666552,649.3556004575132,2737.660583618829,854.5859902730955,496.93653280375037,437.7430990463294,628.0280645447272,0.0,0.7634051384685737,0.39126549606851196,43.188802569072806,3.778465820121834,0.02731077172725416,0.011084806048548512,0.010764974615729403,0.026873825178219807,0.026873825178219807,0.02731077172725416,0.011084806048548512,0.010764974615729403,1092,-258350-105300,-495141189
2960.7040129062243,3085.1773964811005,3091.9043569043956,3201.06219951867,3022.398730223367,1663.9008456145068,1304.2716269294967,3544.089589545256,836.9754735751452,654.152761959542,593.2144938992468,1570.1797062671596,0.0,0.48279229364382914,0.4272245414822641,14.047562419398414,1.3765580703284932,0.16480657786254227,0.010984699989308025,0.019130208346129447,0.16796891462999833,0.16796891462999833,0.16480657786254227,0.010984699989308025,0.019130208346129447,232,-258351-105292,-1403358539
4174.324862907128,4336.119154163475,4205.879204233444,4221.159923515379,3675.922578870112,1911.91315484176,1649.3334962780118,4454.167771405598,917.8138242310525,1594.492002871446,1294.5748015516883,2871.47231901598,0.0,0.5507575977531721,0.34359492200367453,34.81468951984614,3.1371854585180268,0.18026908187465154,0.01678014205490044,0.023985429091917768,0.18105532208323538,0.18105532208323538,0.18026908187465154,0.01678014205490044,0.023985429091917768,1634,-258351-105338,1316365066
1260.7476454480898,1428.3526596686925,1841.9652865680089,2290.8001584826593,2618.25447471331,2637.64919154808,2165.922104625221,2163.0129414129433,1273.1383298022483,938.9721965539148,817.1358653745468,839.0613929276454,0.0,0.6328867831245024,0.3743838237499337,31.2398018127206,3.0113364242357945,0.05955746305701,0.01668287501674047,0.03665023514043139,0.07143907718916542,0.07143907718916542,0.05955746305701,0.01668287501674047,0.03665023514043139,2081,-258356-105217,1564964355
682.3691245353397,744.0515728200032,839.6862109920442,994.7380531846794,1152.8445757127063,1321.6375050822678,1150.4036283164091,1074.0765705445535,894.3499974519298,887.8540264615754,736.8359376669098,589.4785635506622,0.0,1.3439456277564956,0.18491875591475976,67.29292583262193,6.540384164018097,0.04625815711029951,0.013094113599307134,0.020233073118028896,0.05472862011554877,0.05472862011554877,0.04625815711029951,0.013094113599307134,0.020233073118028896,1668,-258357-105158,-804168165
689.8899791741053,849.4638140525442,1189.928407691011,1637.9424714609777,2040.8624209376908,1998.5827214835213,1767.4252530297458,1841.0517056606177,414.03819410952667,509.77947713880445,422.992848667269,0.0,0.0,0.10196554784091882,0.1895173432904705,4.558379972996666,0.5885646248112776,0.023953480619610352,0.01043364326856315,0.024332898952017498,0.08017437029016954,0.08017437029016954,0.023953480619610352,0.01043364326856315,0.024332898952017498,46,-258358-105083,-1487954333
5977.278928711951,6262.709805468834,6167.6492195805085,6245.559040582187,5635.6729103282,1215.776196322955,1056.145386364676,6357.4982418611935,850.3867355435603,1082.8279270860523,892.2179283411676,2834.3725289823806,0.0,0.3730766059717691,0.38140049876209176,22.16902249798379,2.101808466890432,0.15783203260932188,0.012148029046640002,0.018526432727980192,0.15935734975307062,0.15935734975307062,0.15783203260932188,0.012148029046640002,0.018526432727980192,522,-258360-105321,-1684064939
398.9494343876499,432.70143815579587,594.0190205250707,916.3476088206845,1346.8570563488481,1434.6667857230013,1258.9395704648007,748.9452835176925,453.54714145092777,634.1598037213363,536.4085232779349,596.9516918417623,0.0,0.3246470538158289,0.23658536478194855,19.144926072969277,2.0801432923871217,0.04475090418920277,0.013696120984328777,0.025322007036580465,0.05304653178600576,0.05304653178600576,0.04475090418920277,0.013696120984328777,0.025322007036580465,520,-258362-105141,-1123326603
1175.0495324633262,1269.4100883462938,1383.9256163938278,1650.352409861489,1988.5545401403085,1968.3170355915283,1772.4391078644958,1579.6111146012831,707.3627327791808,543.5344821491077,458.88008413795575,182.22899851369857,0.0,0.42033053284210553,0.21988352803938963,18.699123104068573,2.0024019864347364,0.0376053538930161,0.01164805094103989,0.024877235609928404,0.05055144899929307,0.05055144899929307,0.0376053538930161,0.01164805094103989,0.024877235609928404,720,-258365-105101,-2021065169
783.8554579508158,808.3470745117477,904.1001142797473,1196.6853273172514,1539.338605578976,1375.9856890797228,1196.0621328285033,1062.846915916674,624.560362232216,865.2670684951098,690.7156152763308,493.2608303472682,0.0,0.8568420934940855,0.3473935805714123,44.934599228211404,4.804699905333106,0.057630352240534574,0.0158057238417081,0.028534879225578447,0.06130165885368539,0.06130165885368539,0.057630352240534574,0.0158057238417081,0.028534879225578447,1392,-258367-105116,191110973
3226.8116298873033,3410.208487962256,3395.6119324658835,3505.511038725893,3448.1237157959104,992.0258493367854,897.0235377204632,3512.812193546773,739.322032260912,834.7838672845,674.1612087637317,2610.5569265890476,0.0,0.392093601376454,0.4042077500123337,22.327776227264945,2.221008985088757,0.0890144666216951,0.010314759791901308,0.014914807820825292,0.08878418068436042,0.08878418068436042,0.0890144666216951,0.010314759791901308,0.014914807820825292,824,-258367-105306,-2028833539
520.0133070833416,612.9031348024977,891.1859323871644,1367.795398866417,1874.5629394499808,2071.303672229042,1870.5879832751368,1125.4108302501493,442.50661790673735,1307.0505471817155,1120.406370328378,209.02688340710114,0.0,0.4833040256892586,0.38808771838822237,26.27855558833425,2.9082697517009986,0.05226707271896112,0.018220418344693668,0.03875995335282899,0.05545127349153187,0.05545127349153187,0.05226707271896112,0.018220418344693668,0.03875995335282899,1146,-258371-105074,1102075973
3023.162452618935,3116.615487360698,3052.9677996148903,3075.6297212675013,2634.6290125735422,1260.8727689845202,978.9612049379232,3161.2064302002823,628.4109307008281,1484.7328925711233,1303.3194060060928,2210.2974561965775,0.0,0.5319571154472698,0.34348120617379396,32.573690507386935,3.0088922925670993,0.14747891049174663,0.02332842482384852,0.02786454040196268,0.14931083706067144,0.14931083706067144,0.14747891049174663,0.02332842482384852,0.02786454040196268,2169,-258373-105359,502504988
1410.118880215192,1495.492075183656,1575.8720395153914,1788.776616224236,2034.466949716372,2639.560417510253,2326.1147524433386,1888.8459104560616,753.1827344296763,1678.9573374028307,1325.7729104215487,856.0106484532754,0.0,0.6365836066675237,0.33839110530950584,32.88492532411013,3.333716896977043,0.07908549595415759,0.012301031379568023,0.023606531090927904,0.08413450888156863,0.08413450888156863,0.07908549595415759,0.012301031379568023,0.023606531090927904,1043,-258376-105256,-1823936791
483.5459821094156,538.6593942811079,663.7136250034009,916.5105346514945,1177.7852537312158,1502.9212161405494,1309.649227318513,798.3192248187008,448.1993480617225,1126.395830215773,946.3987352362075,444.8765033462927,0.0,0.5831365788014771,0.3106077037716642,27.329862781982076,2.8161999828320194,0.03426647361334597,0.012935447242614395,0.026089995614323746,0.03862997390266489,0.03862997390266489,0.03426647361334597,0.012935447242614395,0.026089995614323746,1356,-258381-105174,1603659008
3694.5992844023153,3854.918630853866,3788.658611398785,3838.9078961043188,3524.7994682431267,517.7118798427938,490.8830362633473,4195.160656013826,512.400849722013,649.6962769253951,588.403838242225,2454.080964340112,0.0,0.33052202859111185,0.16188031038314293,20.919747742716975,2.131306795105809,0.10440617634109771,0.007642662903862295,0.009999715731752937,0.10618878773425293,0.10618878773425293,0.10440617634109771,0.007642662903862295,0.009999715731752937,316,-258389-105352,555397449
436.86668579692565,498.98721976526775,582.7795326811764,718.7207902826603,1174.2671743269602,906.3173269984733,901.174154570577,649.3327116730707,361.9852892871666,959.4127470174292,739.6445162344044,0.0,0.0,0.5589171634972332,0.377213249374009,14.10189185507637,1.6987101841228711,0.03178067576805028,0.03871754534867232,0.03218923096339602,0.03161905043975361,0.03161905043975361,0.03178067576805028,0.03871754534867232,0.03218923096339602,702,-258390-105054,-1595482910
405.78408325392564,465.28073962573035,440.0982844774562,536.9286627559526,562.9681755362968,668.0370914519359,630.5487469040113,657.8901884053296,378.3320851668104,54.11459035117649,59.958782138585086,656.4632510658918,0.0,0.0,0.0,1.4142135623730951,0.23570226039894576,0.009384473254709355,0.0046631155308508474,0.013615391681616924,0.008367792227235665,0.008367792227235665,0.009384473254709355,0.0046631155308508474,0.013615391681616924,3,-258390-105300,-659201418
362.67647081696254,430.46811731455006,542.5411585622295,659.6369092866676,867.1549768976903,880.9380730994882,831.5444434340285,578.3117434483429,335.85964426282294,778.830020280483,626.006990248129,0.0,0.0,0.505521323406414,0.05880395577631039,12.587706641904687,1.552908774001807,0.024726874035444685,0.02624591924814972,0.023795455834900274,0.024252922924082362,0.024252922924082362,0.024726874035444685,0.02624591924814972,0.023795455834900274,793,-258398-105055,-1817618822
402.2231670169315,438.94199382897216,488.5153285602146,590.6563256475439,710.8200831353357,863.3771195443607,848.6259912607347,533.4773393285408,189.49947065131119,855.402560138379,679.3286760581606,309.85474789022885,0.0,0.44251228510666596,0.10196555720452695,14.10517016201384,1.5910572653996804,0.025087693982849872,0.007874339120946827,0.015453398677855671,0.025973891729624804,0.025973891729624804,0.025087693982849872,0.007874339120946827,0.015453398677855671,437,-258398-105148,849602102
753.9269377674923,817.0971772555927,843.271642284471,1002.8227942518229,1210.22538529722,1503.4606460110429,1185.387464097136,938.4393705251379,458.8541221606153,1005.3516519835426,866.1704580442981,52.20580774934172,0.0,0.5396711861800917,0.3678958749771599,22.70171804948127,2.4689266623756025,0.035391131026909974,0.012327325511752292,0.022464567771488406,0.03633895103091111,0.03633895103091111,0.035391131026909974,0.012327325511752292,0.022464567771488406,1123,-258402-105213,-1350555536
4197.578760812941,4449.557308954795,4528.825484800028,4703.342325238468,4333.478257441553,1031.1279797497966,992.25287439707,4767.988396883501,772.4126304834798,607.537413476671,514.4470872377416,2289.8436129306288,0.0,0.5272029598423761,0.1841224567585182,30.33450120075144,3.209975368371443,0.10251935676765221,0.011985314337590185,0.016951226925268535,0.10057815879651523,0.10057815879651523,0.10251935676765221,0.011985314337590185,0.016951226925268535,943,-258402-105326,-1974222819
5065.139339801419,5306.371463515196,5270.693689161838,5398.742064557078,4724.145459598264,1221.9140451954972,1001.5647754446582,5493.086798156939,978.086038965913,1609.6960929303903,1420.0922032701062,2302.6894695001474,0.0,0.38160395691564913,0.32374761659089285,12.145108400429658,1.2215522203969496,0.11971010476368091,0.01948217385189146,0.029562548290421774,0.11722065295937625,0.11722065295937625,0.11971010476368091,0.01948217385189146,0.029562548290421774,371,-258403-105365,-433940424
7107.856071453834,7510.506982244323,7474.293418237792,7405.837879963191,6004.204009495022,1479.4186372054842,1290.7968681262662,7413.855677747614,711.4661458386695,2028.900863886121,1754.7678291391,2390.988899876594,0.0,0.4979546606645168,0.413312411571114,29.134584816410015,3.100101103769338,0.23442632562843732,0.03147387485543032,0.044780107615376985,0.22873134096428013,0.22873134096428013,0.23442632562843732,0.03147387485543032,0.044780107615376985,2123,-258406-105362,816983150
372.9817691012435,458.61833377248644,635.5253418465087,871.878869627637,1335.7802532153926,1446.0264422008415,1195.722163567009,745.2354577442044,292.7087844215289,1316.8642256670075,1035.6101066937013,0.0,0.0,0.47223271412280937,0.26628035918301557,11.00716632574783,1.4008354257409743,0.030704917840690276,0.021789072432923537,0.025420529701102108,0.030125513591901822,0.030125513591901822,0.030704917840690276,0.021789072432923537,0.025420529701102108,678,-258409-105053,-1088344437
682.8025702119073,756.1311408373837,881.6606023849967,1160.29173028029,1556.3045456277782,1968.2414331053724,1698.4374145688337,1015.4753687554313,507.2885886246593,948.4671820057247,860.704935678272,54.83500888667307,0.0,0.4579500403736917,0.08961453114190895,16.306461743416296,1.8815947386700782,0.04447248562470614,0.017993610579833334,0.0320742210225511,0.04606808423470348,0.04606808423470348,0.04447248562470614,0.017993610579833334,0.0320742210225511,907,-258417-105216,-2128569991
360.89931594665063,423.9056866569284,521.9010814017606,677.3060738842431,697.9500837041636,1009.2915268118649,706.1438390009309,583.7573594723211,405.60109687809785,1341.9263941231595,1012.5462163581889,182.5664650682031,0.0,0.7140669220940495,0.02539995257319408,29.24999926878747,3.28888398210349,0.02781030031939526,0.011271445699769348,0.016216260856716104,0.03122427881807274,0.03122427881807274,0.02781030031939526,0.011271445699769348,0.016216260856716104,773,-258418-105155,-146005581
526.016853395813,611.343873631353,790.9992034605672,957.2117149660319,1101.6514213113667,1352.180363176457,1153.4268514643973,960.0947715578117,538.1337608428248,1153.6912753061408,1009.5055970171817,785.472744869946,0.0,0.9606566851878211,0.1530788054318859,45.275669743655136,4.788908641610459,0.03180908018622037,0.011390214974750953,0.020199155852313574,0.03966803716491031,0.03966803716491031,0.03180908018622037,0.011390214974750953,0.020199155852313574,831,-258419-105194,-1031377304
1311.7019644773718,1423.1750449779483,1545.958370315286,1848.89341629905,2026.595130846561,1597.1648153068265,1392.903275249848,1870.7168027428374,792.9866173409736,945.8050652747462,797.0433505613912,750.9738296657603,0.0,0.8007516890351978,0.38003546547183414,32.47618715638772,3.5110033303158508,0.06689670215243344,0.014907858167415737,0.03134714363968237,0.07336914340279459,0.07336914340279459,0.06689670215243344,0.014907858167415737,0.03134714363968237,1578,-258419-105254,1386281287
337.41659092757936,372.5425550412452,466.24382044132193,658.3395544017549,845.0648150169785,1071.5625414695144,982.9733260744559,573.3324351308398,170.12311655028034,873.4847463940192,707.9200389809429,428.90628143601845,0.0,0.4636362087846748,0.21135675997718148,20.17950101249418,2.4020341363986155,0.02336041964241472,0.007807860203970438,0.01590483056965489,0.02468678635518209,0.02468678635518209,0.02336041964241472,0.007807860203970438,0.01590483056965489,528,-258423-105120,127359359
364.99215626754733,433.94212424869096,660.6703734677802,960.3010867667242,1256.6866287405517,1265.0137742182633,1101.277690762458,806.4473153130414,239.51779492325576,829.5372936552162,679.7582378214951,459.26587557974455,0.0,0.860057962455587,0.1993211411323748,34.16292720668438,3.98152294447611,0.037765836130526184,0.013872383055889026,0.027624840578243,0.04528965323358166,0.04528965323358166,0.037765836130526184,0.013872383055889026,0.027624840578243,555,-258429-105156,-1754465597
3607.9557819964657,3705.9650294631692,3538.112664590038,3462.802399585106,3128.478525358644,869.0634343545017,794.9990513523394,3781.1025733583524,710.8210058428695,1339.1499683471056,1181.0425805288817,2040.460745778927,0.0,0.37703853125012343,0.38983680006591914,16.355327200211725,1.7775591231983014,0.14639985787838544,0.014778860357622624,0.02481700294196194,0.14923082987652175,0.14923082987652175,0.14639985787838544,0.014778860357622624,0.02481700294196194,739,-258429-105340,-1815033293
3852.767535930943,4022.582600261708,3968.771472527318,3863.190775194673,3048.9542916301166,1320.0721053918762,1265.659714118732,3926.9444105553557,688.0821217704171,959.182188603689,812.370331175626,1951.1369342079226,0.0,0.0859203735241669,0.2876206800787731,7.6489579522349835,0.8570040403471691,0.1075618207564094,0.015236962548875074,0.021718593632731084,0.10198084242194774,0.10198084242194774,0.1075618207564094,0.015236962548875074,0.021718593632731084,197,-258431-105369,-2001493856
1061.2687536284043,1108.8996925207648,1102.1261906200025,1214.8622914579462,1398.0306290103624,1316.1098450462914,1144.5167505189004,1206.0838827297853,274.1966912654983,1411.1053036679011,1046.1375138311787,247.22453304368182,0.0,0.3758665446566795,0.28662688312303847,17.24795090509068,2.0333648648341094,0.040642181225915494,0.014308713147085532,0.02566653100872368,0.04196615528544693,0.04196615528544693,0.040642181225915494,0.014308713147085532,0.02566653100872368,474,-258433-105258,1021963611
349.6880374272742,406.9738890748149,600.8794994235886,947.9303807306692,953.4811782071918,918.780390923742,1028.9198058108839,699.3445623343127,281.3311226259691,1088.409284385297,899.9170740168953,0.0,0.0,0.3832601941641466,0.17772935037441193,11.585818634847483,1.5457039619671074,0.027243936838438135,0.036465199371535015,0.030115833393805733,0.027666246653724993,0.027666246653724993,0.027243936838438135,0.036465199371535015,0.030115833393805733,519,-258439-105048,865277306
482.66713081798343,546.8963696838315,647.9455939516284,766.8044809496255,974.4054496393226,1287.2812905682897,1126.676814491232,713.7153548580044,361.8391921907183,841.7122332286262,660.4338369630179,134.7294507902937,0.0,0.8586957614425915,0.314946075914445,21.56348532532314,2.6552688807210614,0.030664428992009607,0.01305281870873267,0.017673786854085338,0.0317705793941311,0.0317705793941311,0.030664428992009607,0.01305281870873267,0.017673786854085338,1466,-258441-105138,-695619974
393.511402308796,491.9622251625958,736.2614052591539,1033.7827806030316,1576.7761518693933,1498.12362019969,1282.5410839087883,885.1414012052928,211.19239010238974,982.3607851111238,805.2290283465653,1.8037110698923968,0.0,0.5570845683177261,0.2690858249676718,22.123109469116297,3.095866770034718,0.034653323919333665,0.03267120787980444,0.03684403240276042,0.03717126815340182,0.03717126815340182,0.034653323919333665,0.03267120787980444,0.03684403240276042,1258,-258442-105048,-367154590
426.22069417496255,496.71539512681676,659.0125954926009,972.5153967646447,1271.8543308854944,1203.911720952179,1071.6460329270828,780.3386356628172,290.18954221996296,1134.2122577111418,930.50679709434,377.82216188854386,0.0,0.9722283783110087,0.2702832514952374,41.45639206057659,5.034761048407885,0.03401393387173904,0.011417415701355625,0.02256422545537655,0.03337371956985776,0.03337371956985776,0.03401393387173904,0.011417415701355625,0.02256422545537655,1260,-258443-105080,-2053023147
679.3363794699654,751.6190611397012,947.8375658275774,1359.1318065433338,1779.0698499070622,2092.2517865792115,1871.3534840363973,1170.9614871923338,428.6652267147897,904.5335328636347,786.5214384474425,65.31174946238586,0.0,0.36448663564678885,0.2741327972237001,14.256231391140362,1.7546342826753487,0.05799014573466646,0.019212253423895924,0.04345238212431111,0.053998265937779226,0.053998265937779226,0.05799014573466646,0.019212253423895924,0.04345238212431111,903,-258444-105227,-1987527568
2208.342265154215,2292.7400683364817,2208.5462414173,2309.436938554264,2212.9615179473035,1950.4350634718278,1597.3295370009885,2362.1813774437383,851.231461155806,1180.1712064357541,1009.8422163774347,921.1397977580634,0.0,0.5180593313860442,0.47353056423004225,19.377508679190854,2.2958736972603555,0.11192438446811348,0.015193827321468567,0.030263101535684834,0.11154908284132276,0.11154908284132276,0.11192438446811348,0.015193827321468567,0.030263101535684834,2261,-258444-105342,-805087982
1596.3439729868783,1672.9815413314536,1709.3606405418843,1801.249098733406,1941.742961209009,1581.1397695096257,1382.0248111994667,1937.4770597978998,555.861012792268,938.3693288464704,785.3103828623625,476.38452497309214,0.0,0.17474187594930457,0.3017588171276596,11.27355745816538,1.3595348881169433,0.019067659233895647,0.005792970981654298,0.012333357180357656,0.026117356722528587,0.026117356722528587,0.019067659233895647,0.005792970981654298,0.012333357180357656,453,-258451-105284,1574117358
377.62834553977586,436.82133993636853,526.945991759187,603.4087163109143,711.6409269976828,709.5836216933426,609.7546927542733,589.1479483634049,187.11710590321593,553.5264277824183,443.0802207308026,527.2952725244895,0.0,0.8296702228892342,0.1099312658833246,29.755599345243002,3.7775691039322887,0.01850570677034537,0.008196614768070425,0.015793191673282934,0.020056064967200974,0.020056064967200974,0.01850570677034537,0.008196614768070425,0.015793191673282934,589,-258454-105117,-1166270108
353.91079559980955,376.0812538379546,385.79924603918727,476.1415213308525,594.8294392003144,695.063800040691,595.1141459828805,411.0460742838856,207.70707913101634,671.2283431933004,584.5876786517878,24.147024373590696,0.0,0.24834190285345484,0.37491456248168975,9.963348179011176,1.2857620678621153,0.018478515198760512,0.007536564628237236,0.011354656853345916,0.020600924606003435,0.020600924606003435,0.018478515198760512,0.007536564628237236,0.011354656853345916,617,-258457-105200,-920945110
1937.538057434423,2030.220387471612,2036.3189409109445,2218.9322966465165,2332.6340677906023,1669.7102641171193,1431.8211180861467,2226.9590208946106,760.8559142997192,815.6412248178847,725.9701762488402,1576.9554151230323,0.0,0.4736195149454554,0.3348371550611231,22.4663290018789,2.7239344001525962,0.06913266887293971,0.014971778107020413,0.027616774142201882,0.07043083035662438,0.07043083035662438,0.06913266887293971,0.014971778107020413,0.027616774142201882,1673,-258458-105299,1480342638
298.4157999148693,332.02652180711976,392.88043811959363,527.7703872591901,677.4321303952338,847.1707006880258,822.7250393732351,467.88662772575094,342.2475550006253,737.8589081946011,583.2853420495028,404.4655975807557,0.0,1.3661517439471549,0.2519525693183584,50.27402512712908,6.331998843145374,0.01835743708373163,0.011416213095471334,0.013649289482366734,0.01921634490312514,0.01921634490312514,0.01835743708373163,0.011416213095471334,0.013649289482366734,2098,-258463-105085,-1398226577
710.13879680024,765.3847004112389,823.8160510071976,907.8859902313874,1049.7777387294373,1189.7169709596728,1056.298420500743,865.0221366243721,405.1128609969343,731.9338532511085,688.1322391075,86.83555687223114,0.0,0.9010473833138389,0.4697327991058913,25.759951669173713,3.3664236311650737,0.028854532660729352,0.010451006848248618,0.01916453870457738,0.02955292864001453,0.02955292864001453,0.028854532660729352,0.010451006848248618,0.01916453870457738,2896,-258474-105134,-167090447
349.4951814424196,425.6758127561165,631.1780275618619,928.2986559198575,1379.2810449644005,1168.5988839580734,971.7433521803258,802.9175348246664,134.31536710719953,1012.8053789543388,785.0831257638431,4.577266906110078,0.0,0.5508128593855659,0.35183669612708796,20.8998664350585,2.9161243782290853,0.029698280313475166,0.025270527617307914,0.029160661088862404,0.035023255525888024,0.035023255525888024,0.029698280313475166,0.025270527617307914,0.029160661088862404,781,-258477-105066,193254431
2104.448556742035,2184.697969230404,2121.832770999565,2223.0563794895934,2310.245273068483,2349.449272524298,1929.8041544147495,2305.4066174245845,823.8346391370636,1470.9964098278629,1255.1850201230639,1629.5703726177765,0.0,0.9883520660284545,0.4777273773951593,47.0739936503617,5.57104702154354,0.12048977377116317,0.014026113372868229,0.02502293854413649,0.1207250776309714,0.1207250776309714,0.12048977377116317,0.014026113372868229,0.02502293854413649,2541,-258477-105257,-927282197
639.6949848887054,710.3992731346418,811.7874736274947,951.6714096773973,1239.5202645994964,1079.4925358544663,980.4288531442655,920.274327012719,205.93451911069866,1061.1495511454598,941.2320691952488,45.342869582649136,0.0,0.721274604550535,0.09504670058998517,22.117073308767917,3.0130532726331993,0.02942516737906589,0.016097546886144683,0.024789741644980625,0.030548464753547704,0.030548464753547704,0.02942516737906589,0.016097546886144683,0.024789741644980625,1328,-258478-105097,1646364487
